Temperature - (Celsius), Year, Statistics, Country, ISO3
25.4643, 1901, Jan Average, Venezuela, VEN
25.5467, 1901, Feb Average, Venezuela, VEN
26.4528, 1901, Mar Average, Venezuela, VEN
26.7433, 1901, Apr Average, Venezuela, VEN
25.8726, 1901, May Average, Venezuela, VEN
24.4525, 1901, Jun Average, Venezuela, VEN
25.2436, 1901, Jul Average, Venezuela, VEN
25.1643, 1901, Aug Average, Venezuela, VEN
24.4895, 1901, Sep Average, Venezuela, VEN
24.4918, 1901, Oct Average, Venezuela, VEN
24.4242, 1901, Nov Average, Venezuela, VEN
24.1112, 1901, Dec Average, Venezuela, VEN
24.3384, 1902, Jan Average, Venezuela, VEN
24.7981, 1902, Feb Average, Venezuela, VEN
24.892, 1902, Mar Average, Venezuela, VEN
25.6356, 1902, Apr Average, Venezuela, VEN
25.3086, 1902, May Average, Venezuela, VEN
24.3772, 1902, Jun Average, Venezuela, VEN
24.2084, 1902, Jul Average, Venezuela, VEN
25.0215, 1902, Aug Average, Venezuela, VEN
24.326, 1902, Sep Average, Venezuela, VEN
24.5217, 1902, Oct Average, Venezuela, VEN
25.1574, 1902, Nov Average, Venezuela, VEN
24.6556, 1902, Dec Average, Venezuela, VEN
24.4498, 1903, Jan Average, Venezuela, VEN
25.417, 1903, Feb Average, Venezuela, VEN
25.2904, 1903, Mar Average, Venezuela, VEN
25.504, 1903, Apr Average, Venezuela, VEN
25.0019, 1903, May Average, Venezuela, VEN
24.414, 1903, Jun Average, Venezuela, VEN
25.0642, 1903, Jul Average, Venezuela, VEN
24.8729, 1903, Aug Average, Venezuela, VEN
24.7578, 1903, Sep Average, Venezuela, VEN
24.8489, 1903, Oct Average, Venezuela, VEN
24.479, 1903, Nov Average, Venezuela, VEN
23.9658, 1903, Dec Average, Venezuela, VEN
23.9493, 1904, Jan Average, Venezuela, VEN
24.7527, 1904, Feb Average, Venezuela, VEN
24.581, 1904, Mar Average, Venezuela, VEN
25.3076, 1904, Apr Average, Venezuela, VEN
24.6292, 1904, May Average, Venezuela, VEN
24.2071, 1904, Jun Average, Venezuela, VEN
24.6826, 1904, Jul Average, Venezuela, VEN
24.5181, 1904, Aug Average, Venezuela, VEN
24.8342, 1904, Sep Average, Venezuela, VEN
24.1389, 1904, Oct Average, Venezuela, VEN
24.7383, 1904, Nov Average, Venezuela, VEN
24.1061, 1904, Dec Average, Venezuela, VEN
24.2737, 1905, Jan Average, Venezuela, VEN
24.1692, 1905, Feb Average, Venezuela, VEN
24.6421, 1905, Mar Average, Venezuela, VEN
25.6825, 1905, Apr Average, Venezuela, VEN
24.4259, 1905, May Average, Venezuela, VEN
23.9899, 1905, Jun Average, Venezuela, VEN
24.7863, 1905, Jul Average, Venezuela, VEN
25.0959, 1905, Aug Average, Venezuela, VEN
25.0555, 1905, Sep Average, Venezuela, VEN
24.7257, 1905, Oct Average, Venezuela, VEN
24.9139, 1905, Nov Average, Venezuela, VEN
23.657, 1905, Dec Average, Venezuela, VEN
24.0395, 1906, Jan Average, Venezuela, VEN
24.3857, 1906, Feb Average, Venezuela, VEN
25.0746, 1906, Mar Average, Venezuela, VEN
25.3232, 1906, Apr Average, Venezuela, VEN
24.8805, 1906, May Average, Venezuela, VEN
24.0944, 1906, Jun Average, Venezuela, VEN
24.4014, 1906, Jul Average, Venezuela, VEN
24.8706, 1906, Aug Average, Venezuela, VEN
24.3328, 1906, Sep Average, Venezuela, VEN
25.1616, 1906, Oct Average, Venezuela, VEN
24.9549, 1906, Nov Average, Venezuela, VEN
23.5411, 1906, Dec Average, Venezuela, VEN
24.2141, 1907, Jan Average, Venezuela, VEN
24.8095, 1907, Feb Average, Venezuela, VEN
24.8936, 1907, Mar Average, Venezuela, VEN
25.2934, 1907, Apr Average, Venezuela, VEN
24.189, 1907, May Average, Venezuela, VEN
23.7676, 1907, Jun Average, Venezuela, VEN
24.4416, 1907, Jul Average, Venezuela, VEN
24.647, 1907, Aug Average, Venezuela, VEN
24.767, 1907, Sep Average, Venezuela, VEN
24.5742, 1907, Oct Average, Venezuela, VEN
24.4684, 1907, Nov Average, Venezuela, VEN
24.1881, 1907, Dec Average, Venezuela, VEN
24.2747, 1908, Jan Average, Venezuela, VEN
24.3478, 1908, Feb Average, Venezuela, VEN
24.5965, 1908, Mar Average, Venezuela, VEN
24.8745, 1908, Apr Average, Venezuela, VEN
24.3363, 1908, May Average, Venezuela, VEN
24.0439, 1908, Jun Average, Venezuela, VEN
24.3924, 1908, Jul Average, Venezuela, VEN
24.6664, 1908, Aug Average, Venezuela, VEN
24.8739, 1908, Sep Average, Venezuela, VEN
24.3554, 1908, Oct Average, Venezuela, VEN
24.3623, 1908, Nov Average, Venezuela, VEN
24.3996, 1908, Dec Average, Venezuela, VEN
24.1879, 1909, Jan Average, Venezuela, VEN
24.7579, 1909, Feb Average, Venezuela, VEN
25.612, 1909, Mar Average, Venezuela, VEN
25.568, 1909, Apr Average, Venezuela, VEN
24.6918, 1909, May Average, Venezuela, VEN
23.7667, 1909, Jun Average, Venezuela, VEN
24.3106, 1909, Jul Average, Venezuela, VEN
24.4888, 1909, Aug Average, Venezuela, VEN
24.3344, 1909, Sep Average, Venezuela, VEN
24.3778, 1909, Oct Average, Venezuela, VEN
24.7317, 1909, Nov Average, Venezuela, VEN
23.6217, 1909, Dec Average, Venezuela, VEN
23.6859, 1910, Jan Average, Venezuela, VEN
24.8726, 1910, Feb Average, Venezuela, VEN
24.4192, 1910, Mar Average, Venezuela, VEN
24.995, 1910, Apr Average, Venezuela, VEN
25.4675, 1910, May Average, Venezuela, VEN
24.3717, 1910, Jun Average, Venezuela, VEN
24.445, 1910, Jul Average, Venezuela, VEN
24.6101, 1910, Aug Average, Venezuela, VEN
24.6097, 1910, Sep Average, Venezuela, VEN
24.6457, 1910, Oct Average, Venezuela, VEN
24.9609, 1910, Nov Average, Venezuela, VEN
24.3944, 1910, Dec Average, Venezuela, VEN
24.4554, 1911, Jan Average, Venezuela, VEN
24.4231, 1911, Feb Average, Venezuela, VEN
25.5432, 1911, Mar Average, Venezuela, VEN
25.1971, 1911, Apr Average, Venezuela, VEN
24.3796, 1911, May Average, Venezuela, VEN
24.6967, 1911, Jun Average, Venezuela, VEN
24.1854, 1911, Jul Average, Venezuela, VEN
24.7908, 1911, Aug Average, Venezuela, VEN
25.0868, 1911, Sep Average, Venezuela, VEN
24.7896, 1911, Oct Average, Venezuela, VEN
24.8407, 1911, Nov Average, Venezuela, VEN
24.2787, 1911, Dec Average, Venezuela, VEN
24.5169, 1912, Jan Average, Venezuela, VEN
25.0269, 1912, Feb Average, Venezuela, VEN
25.0653, 1912, Mar Average, Venezuela, VEN
25.184, 1912, Apr Average, Venezuela, VEN
25.322, 1912, May Average, Venezuela, VEN
24.7413, 1912, Jun Average, Venezuela, VEN
24.6627, 1912, Jul Average, Venezuela, VEN
24.8576, 1912, Aug Average, Venezuela, VEN
24.7363, 1912, Sep Average, Venezuela, VEN
24.5967, 1912, Oct Average, Venezuela, VEN
24.5261, 1912, Nov Average, Venezuela, VEN
24.1628, 1912, Dec Average, Venezuela, VEN
23.9156, 1913, Jan Average, Venezuela, VEN
25.3673, 1913, Feb Average, Venezuela, VEN
25.338, 1913, Mar Average, Venezuela, VEN
25.6404, 1913, Apr Average, Venezuela, VEN
25.555, 1913, May Average, Venezuela, VEN
24.4962, 1913, Jun Average, Venezuela, VEN
23.9755, 1913, Jul Average, Venezuela, VEN
24.1308, 1913, Aug Average, Venezuela, VEN
24.6654, 1913, Sep Average, Venezuela, VEN
24.3887, 1913, Oct Average, Venezuela, VEN
24.2919, 1913, Nov Average, Venezuela, VEN
23.6069, 1913, Dec Average, Venezuela, VEN
24.2115, 1914, Jan Average, Venezuela, VEN
24.8241, 1914, Feb Average, Venezuela, VEN
25.431, 1914, Mar Average, Venezuela, VEN
25.2428, 1914, Apr Average, Venezuela, VEN
24.2791, 1914, May Average, Venezuela, VEN
24.3924, 1914, Jun Average, Venezuela, VEN
24.2457, 1914, Jul Average, Venezuela, VEN
23.9506, 1914, Aug Average, Venezuela, VEN
24.3544, 1914, Sep Average, Venezuela, VEN
24.1771, 1914, Oct Average, Venezuela, VEN
24.5188, 1914, Nov Average, Venezuela, VEN
24.8023, 1914, Dec Average, Venezuela, VEN
24.6855, 1915, Jan Average, Venezuela, VEN
25.0523, 1915, Feb Average, Venezuela, VEN
26.0154, 1915, Mar Average, Venezuela, VEN
25.6533, 1915, Apr Average, Venezuela, VEN
25.8153, 1915, May Average, Venezuela, VEN
24.7848, 1915, Jun Average, Venezuela, VEN
24.6273, 1915, Jul Average, Venezuela, VEN
25.841, 1915, Aug Average, Venezuela, VEN
24.9911, 1915, Sep Average, Venezuela, VEN
25.6036, 1915, Oct Average, Venezuela, VEN
25.314, 1915, Nov Average, Venezuela, VEN
24.8672, 1915, Dec Average, Venezuela, VEN
24.5012, 1916, Jan Average, Venezuela, VEN
25.3531, 1916, Feb Average, Venezuela, VEN
25.5114, 1916, Mar Average, Venezuela, VEN
26.0249, 1916, Apr Average, Venezuela, VEN
25.4387, 1916, May Average, Venezuela, VEN
24.4926, 1916, Jun Average, Venezuela, VEN
24.8337, 1916, Jul Average, Venezuela, VEN
24.5341, 1916, Aug Average, Venezuela, VEN
25.2309, 1916, Sep Average, Venezuela, VEN
25.0554, 1916, Oct Average, Venezuela, VEN
24.9831, 1916, Nov Average, Venezuela, VEN
24.36, 1916, Dec Average, Venezuela, VEN
24.3952, 1917, Jan Average, Venezuela, VEN
24.7509, 1917, Feb Average, Venezuela, VEN
25.4278, 1917, Mar Average, Venezuela, VEN
25.7571, 1917, Apr Average, Venezuela, VEN
25.6646, 1917, May Average, Venezuela, VEN
24.8686, 1917, Jun Average, Venezuela, VEN
24.8052, 1917, Jul Average, Venezuela, VEN
24.5036, 1917, Aug Average, Venezuela, VEN
25.0339, 1917, Sep Average, Venezuela, VEN
25.0649, 1917, Oct Average, Venezuela, VEN
25.4147, 1917, Nov Average, Venezuela, VEN
24.9279, 1917, Dec Average, Venezuela, VEN
24.6633, 1918, Jan Average, Venezuela, VEN
24.9416, 1918, Feb Average, Venezuela, VEN
25.3095, 1918, Mar Average, Venezuela, VEN
25.5234, 1918, Apr Average, Venezuela, VEN
25.0711, 1918, May Average, Venezuela, VEN
24.7048, 1918, Jun Average, Venezuela, VEN
24.5734, 1918, Jul Average, Venezuela, VEN
25.1971, 1918, Aug Average, Venezuela, VEN
25.5571, 1918, Sep Average, Venezuela, VEN
25.5869, 1918, Oct Average, Venezuela, VEN
25.1447, 1918, Nov Average, Venezuela, VEN
24.4444, 1918, Dec Average, Venezuela, VEN
23.6989, 1919, Jan Average, Venezuela, VEN
24.7541, 1919, Feb Average, Venezuela, VEN
25.5798, 1919, Mar Average, Venezuela, VEN
25.1428, 1919, Apr Average, Venezuela, VEN
24.888, 1919, May Average, Venezuela, VEN
24.9178, 1919, Jun Average, Venezuela, VEN
24.5156, 1919, Jul Average, Venezuela, VEN
24.5248, 1919, Aug Average, Venezuela, VEN
24.6603, 1919, Sep Average, Venezuela, VEN
24.3295, 1919, Oct Average, Venezuela, VEN
24.1962, 1919, Nov Average, Venezuela, VEN
24.2111, 1919, Dec Average, Venezuela, VEN
23.6918, 1920, Jan Average, Venezuela, VEN
24.373, 1920, Feb Average, Venezuela, VEN
25.4686, 1920, Mar Average, Venezuela, VEN
25.3007, 1920, Apr Average, Venezuela, VEN
24.5179, 1920, May Average, Venezuela, VEN
24.2227, 1920, Jun Average, Venezuela, VEN
24.125, 1920, Jul Average, Venezuela, VEN
24.3279, 1920, Aug Average, Venezuela, VEN
24.3651, 1920, Sep Average, Venezuela, VEN
24.887, 1920, Oct Average, Venezuela, VEN
24.2976, 1920, Nov Average, Venezuela, VEN
23.5602, 1920, Dec Average, Venezuela, VEN
24.6844, 1921, Jan Average, Venezuela, VEN
25.4526, 1921, Feb Average, Venezuela, VEN
25.6474, 1921, Mar Average, Venezuela, VEN
25.3605, 1921, Apr Average, Venezuela, VEN
25.4449, 1921, May Average, Venezuela, VEN
24.2525, 1921, Jun Average, Venezuela, VEN
24.076, 1921, Jul Average, Venezuela, VEN
24.5709, 1921, Aug Average, Venezuela, VEN
25.0948, 1921, Sep Average, Venezuela, VEN
24.5974, 1921, Oct Average, Venezuela, VEN
24.9839, 1921, Nov Average, Venezuela, VEN
24.3698, 1921, Dec Average, Venezuela, VEN
24.4976, 1922, Jan Average, Venezuela, VEN
24.7833, 1922, Feb Average, Venezuela, VEN
25.0371, 1922, Mar Average, Venezuela, VEN
25.4523, 1922, Apr Average, Venezuela, VEN
24.8714, 1922, May Average, Venezuela, VEN
24.0717, 1922, Jun Average, Venezuela, VEN
24.2026, 1922, Jul Average, Venezuela, VEN
24.4469, 1922, Aug Average, Venezuela, VEN
24.8848, 1922, Sep Average, Venezuela, VEN
25.1058, 1922, Oct Average, Venezuela, VEN
24.7597, 1922, Nov Average, Venezuela, VEN
23.7432, 1922, Dec Average, Venezuela, VEN
24.0604, 1923, Jan Average, Venezuela, VEN
24.4813, 1923, Feb Average, Venezuela, VEN
24.773, 1923, Mar Average, Venezuela, VEN
25.5473, 1923, Apr Average, Venezuela, VEN
25.3466, 1923, May Average, Venezuela, VEN
24.3562, 1923, Jun Average, Venezuela, VEN
24.2907, 1923, Jul Average, Venezuela, VEN
24.6754, 1923, Aug Average, Venezuela, VEN
25.2276, 1923, Sep Average, Venezuela, VEN
25.0889, 1923, Oct Average, Venezuela, VEN
25.4043, 1923, Nov Average, Venezuela, VEN
24.5549, 1923, Dec Average, Venezuela, VEN
24.527, 1924, Jan Average, Venezuela, VEN
25.4261, 1924, Feb Average, Venezuela, VEN
26.0509, 1924, Mar Average, Venezuela, VEN
26.1588, 1924, Apr Average, Venezuela, VEN
25.5329, 1924, May Average, Venezuela, VEN
24.1384, 1924, Jun Average, Venezuela, VEN
23.9798, 1924, Jul Average, Venezuela, VEN
24.6295, 1924, Aug Average, Venezuela, VEN
24.4459, 1924, Sep Average, Venezuela, VEN
24.5594, 1924, Oct Average, Venezuela, VEN
24.6679, 1924, Nov Average, Venezuela, VEN
24.0063, 1924, Dec Average, Venezuela, VEN
23.8224, 1925, Jan Average, Venezuela, VEN
24.5894, 1925, Feb Average, Venezuela, VEN
25.0596, 1925, Mar Average, Venezuela, VEN
25.717, 1925, Apr Average, Venezuela, VEN
25.4104, 1925, May Average, Venezuela, VEN
24.4684, 1925, Jun Average, Venezuela, VEN
24.2953, 1925, Jul Average, Venezuela, VEN
24.4227, 1925, Aug Average, Venezuela, VEN
24.7255, 1925, Sep Average, Venezuela, VEN
25.2563, 1925, Oct Average, Venezuela, VEN
25.0936, 1925, Nov Average, Venezuela, VEN
25.0484, 1925, Dec Average, Venezuela, VEN
24.9759, 1926, Jan Average, Venezuela, VEN
25.7181, 1926, Feb Average, Venezuela, VEN
26.1638, 1926, Mar Average, Venezuela, VEN
26.474, 1926, Apr Average, Venezuela, VEN
26.0434, 1926, May Average, Venezuela, VEN
25.5014, 1926, Jun Average, Venezuela, VEN
24.6391, 1926, Jul Average, Venezuela, VEN
24.6632, 1926, Aug Average, Venezuela, VEN
24.6891, 1926, Sep Average, Venezuela, VEN
25.1073, 1926, Oct Average, Venezuela, VEN
25.2407, 1926, Nov Average, Venezuela, VEN
24.327, 1926, Dec Average, Venezuela, VEN
24.3743, 1927, Jan Average, Venezuela, VEN
24.4302, 1927, Feb Average, Venezuela, VEN
25.5592, 1927, Mar Average, Venezuela, VEN
25.1348, 1927, Apr Average, Venezuela, VEN
24.7696, 1927, May Average, Venezuela, VEN
24.1675, 1927, Jun Average, Venezuela, VEN
23.7317, 1927, Jul Average, Venezuela, VEN
24.4453, 1927, Aug Average, Venezuela, VEN
24.7361, 1927, Sep Average, Venezuela, VEN
24.8084, 1927, Oct Average, Venezuela, VEN
25.3249, 1927, Nov Average, Venezuela, VEN
24.6086, 1927, Dec Average, Venezuela, VEN
24.4037, 1928, Jan Average, Venezuela, VEN
25.0985, 1928, Feb Average, Venezuela, VEN
25.4045, 1928, Mar Average, Venezuela, VEN
26.0065, 1928, Apr Average, Venezuela, VEN
25.1666, 1928, May Average, Venezuela, VEN
24.3118, 1928, Jun Average, Venezuela, VEN
24.2526, 1928, Jul Average, Venezuela, VEN
24.522, 1928, Aug Average, Venezuela, VEN
24.9277, 1928, Sep Average, Venezuela, VEN
24.9468, 1928, Oct Average, Venezuela, VEN
25.0287, 1928, Nov Average, Venezuela, VEN
24.2881, 1928, Dec Average, Venezuela, VEN
24.1048, 1929, Jan Average, Venezuela, VEN
25.0989, 1929, Feb Average, Venezuela, VEN
25.1702, 1929, Mar Average, Venezuela, VEN
25.3883, 1929, Apr Average, Venezuela, VEN
24.5426, 1929, May Average, Venezuela, VEN
24.178, 1929, Jun Average, Venezuela, VEN
24.2135, 1929, Jul Average, Venezuela, VEN
24.6508, 1929, Aug Average, Venezuela, VEN
24.949, 1929, Sep Average, Venezuela, VEN
25.2242, 1929, Oct Average, Venezuela, VEN
25.039, 1929, Nov Average, Venezuela, VEN
24.256, 1929, Dec Average, Venezuela, VEN
24.2168, 1930, Jan Average, Venezuela, VEN
24.9441, 1930, Feb Average, Venezuela, VEN
25.2179, 1930, Mar Average, Venezuela, VEN
25.783, 1930, Apr Average, Venezuela, VEN
25.2138, 1930, May Average, Venezuela, VEN
24.4811, 1930, Jun Average, Venezuela, VEN
24.2556, 1930, Jul Average, Venezuela, VEN
24.5135, 1930, Aug Average, Venezuela, VEN
24.8285, 1930, Sep Average, Venezuela, VEN
25.057, 1930, Oct Average, Venezuela, VEN
25.0299, 1930, Nov Average, Venezuela, VEN
24.6354, 1930, Dec Average, Venezuela, VEN
25.1344, 1931, Jan Average, Venezuela, VEN
25.5135, 1931, Feb Average, Venezuela, VEN
26.609, 1931, Mar Average, Venezuela, VEN
26.4687, 1931, Apr Average, Venezuela, VEN
25.6198, 1931, May Average, Venezuela, VEN
24.6984, 1931, Jun Average, Venezuela, VEN
24.0757, 1931, Jul Average, Venezuela, VEN
24.843, 1931, Aug Average, Venezuela, VEN
24.6577, 1931, Sep Average, Venezuela, VEN
25.1313, 1931, Oct Average, Venezuela, VEN
25.3541, 1931, Nov Average, Venezuela, VEN
24.749, 1931, Dec Average, Venezuela, VEN
24.734, 1932, Jan Average, Venezuela, VEN
25.4901, 1932, Feb Average, Venezuela, VEN
26.0997, 1932, Mar Average, Venezuela, VEN
26.7794, 1932, Apr Average, Venezuela, VEN
25.6429, 1932, May Average, Venezuela, VEN
24.9861, 1932, Jun Average, Venezuela, VEN
24.6734, 1932, Jul Average, Venezuela, VEN
24.9053, 1932, Aug Average, Venezuela, VEN
25.6132, 1932, Sep Average, Venezuela, VEN
25.4309, 1932, Oct Average, Venezuela, VEN
25.8478, 1932, Nov Average, Venezuela, VEN
25.032, 1932, Dec Average, Venezuela, VEN
24.7961, 1933, Jan Average, Venezuela, VEN
24.7601, 1933, Feb Average, Venezuela, VEN
25.7968, 1933, Mar Average, Venezuela, VEN
26.1212, 1933, Apr Average, Venezuela, VEN
25.5958, 1933, May Average, Venezuela, VEN
24.5771, 1933, Jun Average, Venezuela, VEN
24.544, 1933, Jul Average, Venezuela, VEN
24.6288, 1933, Aug Average, Venezuela, VEN
25.0802, 1933, Sep Average, Venezuela, VEN
24.8691, 1933, Oct Average, Venezuela, VEN
24.8627, 1933, Nov Average, Venezuela, VEN
24.3542, 1933, Dec Average, Venezuela, VEN
24.2953, 1934, Jan Average, Venezuela, VEN
24.5605, 1934, Feb Average, Venezuela, VEN
25.0621, 1934, Mar Average, Venezuela, VEN
26.2779, 1934, Apr Average, Venezuela, VEN
25.7953, 1934, May Average, Venezuela, VEN
25.2858, 1934, Jun Average, Venezuela, VEN
24.6503, 1934, Jul Average, Venezuela, VEN
25.0521, 1934, Aug Average, Venezuela, VEN
25.398, 1934, Sep Average, Venezuela, VEN
25.0725, 1934, Oct Average, Venezuela, VEN
25.4334, 1934, Nov Average, Venezuela, VEN
24.9575, 1934, Dec Average, Venezuela, VEN
24.9218, 1935, Jan Average, Venezuela, VEN
25.1606, 1935, Feb Average, Venezuela, VEN
25.4386, 1935, Mar Average, Venezuela, VEN
25.905, 1935, Apr Average, Venezuela, VEN
25.0863, 1935, May Average, Venezuela, VEN
24.6529, 1935, Jun Average, Venezuela, VEN
24.5505, 1935, Jul Average, Venezuela, VEN
24.5161, 1935, Aug Average, Venezuela, VEN
25.0685, 1935, Sep Average, Venezuela, VEN
25.3587, 1935, Oct Average, Venezuela, VEN
25.3388, 1935, Nov Average, Venezuela, VEN
24.9413, 1935, Dec Average, Venezuela, VEN
24.6771, 1936, Jan Average, Venezuela, VEN
25.1078, 1936, Feb Average, Venezuela, VEN
26.0916, 1936, Mar Average, Venezuela, VEN
25.9803, 1936, Apr Average, Venezuela, VEN
25.7266, 1936, May Average, Venezuela, VEN
24.6916, 1936, Jun Average, Venezuela, VEN
24.5603, 1936, Jul Average, Venezuela, VEN
25.097, 1936, Aug Average, Venezuela, VEN
25.2748, 1936, Sep Average, Venezuela, VEN
25.2369, 1936, Oct Average, Venezuela, VEN
25.4968, 1936, Nov Average, Venezuela, VEN
24.7608, 1936, Dec Average, Venezuela, VEN
24.6163, 1937, Jan Average, Venezuela, VEN
25.1289, 1937, Feb Average, Venezuela, VEN
26.1876, 1937, Mar Average, Venezuela, VEN
26.0965, 1937, Apr Average, Venezuela, VEN
25.4765, 1937, May Average, Venezuela, VEN
24.841, 1937, Jun Average, Venezuela, VEN
24.4884, 1937, Jul Average, Venezuela, VEN
24.9693, 1937, Aug Average, Venezuela, VEN
25.2557, 1937, Sep Average, Venezuela, VEN
25.7115, 1937, Oct Average, Venezuela, VEN
25.6632, 1937, Nov Average, Venezuela, VEN
25.3188, 1937, Dec Average, Venezuela, VEN
25.012, 1938, Jan Average, Venezuela, VEN
25.462, 1938, Feb Average, Venezuela, VEN
25.231, 1938, Mar Average, Venezuela, VEN
25.2912, 1938, Apr Average, Venezuela, VEN
24.9169, 1938, May Average, Venezuela, VEN
24.5891, 1938, Jun Average, Venezuela, VEN
24.6038, 1938, Jul Average, Venezuela, VEN
24.8254, 1938, Aug Average, Venezuela, VEN
25.4259, 1938, Sep Average, Venezuela, VEN
25.6421, 1938, Oct Average, Venezuela, VEN
25.3725, 1938, Nov Average, Venezuela, VEN
25.0541, 1938, Dec Average, Venezuela, VEN
24.4255, 1939, Jan Average, Venezuela, VEN
24.4945, 1939, Feb Average, Venezuela, VEN
25.0095, 1939, Mar Average, Venezuela, VEN
25.2826, 1939, Apr Average, Venezuela, VEN
25.4455, 1939, May Average, Venezuela, VEN
24.7194, 1939, Jun Average, Venezuela, VEN
24.7086, 1939, Jul Average, Venezuela, VEN
25.2501, 1939, Aug Average, Venezuela, VEN
25.6015, 1939, Sep Average, Venezuela, VEN
25.6573, 1939, Oct Average, Venezuela, VEN
25.8506, 1939, Nov Average, Venezuela, VEN
25.8207, 1939, Dec Average, Venezuela, VEN
25.1756, 1940, Jan Average, Venezuela, VEN
26.038, 1940, Feb Average, Venezuela, VEN
26.3855, 1940, Mar Average, Venezuela, VEN
26.6986, 1940, Apr Average, Venezuela, VEN
26.5807, 1940, May Average, Venezuela, VEN
25.439, 1940, Jun Average, Venezuela, VEN
25.4015, 1940, Jul Average, Venezuela, VEN
25.2096, 1940, Aug Average, Venezuela, VEN
25.9783, 1940, Sep Average, Venezuela, VEN
25.9951, 1940, Oct Average, Venezuela, VEN
25.8014, 1940, Nov Average, Venezuela, VEN
25.2463, 1940, Dec Average, Venezuela, VEN
25.6391, 1941, Jan Average, Venezuela, VEN
26.5471, 1941, Feb Average, Venezuela, VEN
27.0857, 1941, Mar Average, Venezuela, VEN
27.1218, 1941, Apr Average, Venezuela, VEN
26.6492, 1941, May Average, Venezuela, VEN
25.1679, 1941, Jun Average, Venezuela, VEN
25.1927, 1941, Jul Average, Venezuela, VEN
25.5883, 1941, Aug Average, Venezuela, VEN
25.8975, 1941, Sep Average, Venezuela, VEN
26.2898, 1941, Oct Average, Venezuela, VEN
26.2846, 1941, Nov Average, Venezuela, VEN
25.9506, 1941, Dec Average, Venezuela, VEN
25.8842, 1942, Jan Average, Venezuela, VEN
26.4405, 1942, Feb Average, Venezuela, VEN
26.6253, 1942, Mar Average, Venezuela, VEN
26.5048, 1942, Apr Average, Venezuela, VEN
25.6405, 1942, May Average, Venezuela, VEN
25.0571, 1942, Jun Average, Venezuela, VEN
24.8584, 1942, Jul Average, Venezuela, VEN
25.4164, 1942, Aug Average, Venezuela, VEN
25.8352, 1942, Sep Average, Venezuela, VEN
26.0488, 1942, Oct Average, Venezuela, VEN
25.9845, 1942, Nov Average, Venezuela, VEN
25.3398, 1942, Dec Average, Venezuela, VEN
25.2277, 1943, Jan Average, Venezuela, VEN
25.2847, 1943, Feb Average, Venezuela, VEN
25.5598, 1943, Mar Average, Venezuela, VEN
25.931, 1943, Apr Average, Venezuela, VEN
24.9447, 1943, May Average, Venezuela, VEN
24.7068, 1943, Jun Average, Venezuela, VEN
24.4569, 1943, Jul Average, Venezuela, VEN
24.9466, 1943, Aug Average, Venezuela, VEN
25.8488, 1943, Sep Average, Venezuela, VEN
25.9109, 1943, Oct Average, Venezuela, VEN
25.8261, 1943, Nov Average, Venezuela, VEN
25.3143, 1943, Dec Average, Venezuela, VEN
25.1505, 1944, Jan Average, Venezuela, VEN
25.3888, 1944, Feb Average, Venezuela, VEN
25.8001, 1944, Mar Average, Venezuela, VEN
25.996, 1944, Apr Average, Venezuela, VEN
25.468, 1944, May Average, Venezuela, VEN
24.6714, 1944, Jun Average, Venezuela, VEN
24.939, 1944, Jul Average, Venezuela, VEN
25.4957, 1944, Aug Average, Venezuela, VEN
25.4922, 1944, Sep Average, Venezuela, VEN
26.1739, 1944, Oct Average, Venezuela, VEN
25.8242, 1944, Nov Average, Venezuela, VEN
25.2976, 1944, Dec Average, Venezuela, VEN
24.7434, 1945, Jan Average, Venezuela, VEN
25.0194, 1945, Feb Average, Venezuela, VEN
25.827, 1945, Mar Average, Venezuela, VEN
25.7085, 1945, Apr Average, Venezuela, VEN
25.0862, 1945, May Average, Venezuela, VEN
24.6348, 1945, Jun Average, Venezuela, VEN
24.7015, 1945, Jul Average, Venezuela, VEN
25.3263, 1945, Aug Average, Venezuela, VEN
25.5792, 1945, Sep Average, Venezuela, VEN
25.5791, 1945, Oct Average, Venezuela, VEN
25.6273, 1945, Nov Average, Venezuela, VEN
25.2515, 1945, Dec Average, Venezuela, VEN
25.0256, 1946, Jan Average, Venezuela, VEN
25.163, 1946, Feb Average, Venezuela, VEN
25.8914, 1946, Mar Average, Venezuela, VEN
25.5611, 1946, Apr Average, Venezuela, VEN
25.1867, 1946, May Average, Venezuela, VEN
24.8866, 1946, Jun Average, Venezuela, VEN
24.6407, 1946, Jul Average, Venezuela, VEN
24.7001, 1946, Aug Average, Venezuela, VEN
25.4442, 1946, Sep Average, Venezuela, VEN
25.6532, 1946, Oct Average, Venezuela, VEN
25.6321, 1946, Nov Average, Venezuela, VEN
25.5027, 1946, Dec Average, Venezuela, VEN
25.1727, 1947, Jan Average, Venezuela, VEN
26.1225, 1947, Feb Average, Venezuela, VEN
26.4269, 1947, Mar Average, Venezuela, VEN
26.4089, 1947, Apr Average, Venezuela, VEN
26.016, 1947, May Average, Venezuela, VEN
25.2029, 1947, Jun Average, Venezuela, VEN
24.5035, 1947, Jul Average, Venezuela, VEN
25.1119, 1947, Aug Average, Venezuela, VEN
25.5356, 1947, Sep Average, Venezuela, VEN
25.7172, 1947, Oct Average, Venezuela, VEN
25.9269, 1947, Nov Average, Venezuela, VEN
25.5463, 1947, Dec Average, Venezuela, VEN
25.2617, 1948, Jan Average, Venezuela, VEN
25.2682, 1948, Feb Average, Venezuela, VEN
25.8305, 1948, Mar Average, Venezuela, VEN
25.618, 1948, Apr Average, Venezuela, VEN
25.8576, 1948, May Average, Venezuela, VEN
24.7611, 1948, Jun Average, Venezuela, VEN
24.3759, 1948, Jul Average, Venezuela, VEN
24.5526, 1948, Aug Average, Venezuela, VEN
25.125, 1948, Sep Average, Venezuela, VEN
25.5422, 1948, Oct Average, Venezuela, VEN
25.578, 1948, Nov Average, Venezuela, VEN
24.8989, 1948, Dec Average, Venezuela, VEN
24.2925, 1949, Jan Average, Venezuela, VEN
24.9431, 1949, Feb Average, Venezuela, VEN
25.9649, 1949, Mar Average, Venezuela, VEN
26.0529, 1949, Apr Average, Venezuela, VEN
25.6434, 1949, May Average, Venezuela, VEN
24.5448, 1949, Jun Average, Venezuela, VEN
24.2972, 1949, Jul Average, Venezuela, VEN
24.4527, 1949, Aug Average, Venezuela, VEN
24.9914, 1949, Sep Average, Venezuela, VEN
25.2691, 1949, Oct Average, Venezuela, VEN
25.1626, 1949, Nov Average, Venezuela, VEN
24.5777, 1949, Dec Average, Venezuela, VEN
23.8087, 1950, Jan Average, Venezuela, VEN
24.6974, 1950, Feb Average, Venezuela, VEN
25.1208, 1950, Mar Average, Venezuela, VEN
25.4682, 1950, Apr Average, Venezuela, VEN
24.9079, 1950, May Average, Venezuela, VEN
23.9239, 1950, Jun Average, Venezuela, VEN
23.97, 1950, Jul Average, Venezuela, VEN
24.123, 1950, Aug Average, Venezuela, VEN
25.0821, 1950, Sep Average, Venezuela, VEN
24.7763, 1950, Oct Average, Venezuela, VEN
25.0656, 1950, Nov Average, Venezuela, VEN
24.6272, 1950, Dec Average, Venezuela, VEN
24.4829, 1951, Jan Average, Venezuela, VEN
24.8617, 1951, Feb Average, Venezuela, VEN
25.5018, 1951, Mar Average, Venezuela, VEN
26.1425, 1951, Apr Average, Venezuela, VEN
25.7447, 1951, May Average, Venezuela, VEN
24.8475, 1951, Jun Average, Venezuela, VEN
24.6731, 1951, Jul Average, Venezuela, VEN
25.2341, 1951, Aug Average, Venezuela, VEN
25.8005, 1951, Sep Average, Venezuela, VEN
26.0407, 1951, Oct Average, Venezuela, VEN
25.9066, 1951, Nov Average, Venezuela, VEN
25.4669, 1951, Dec Average, Venezuela, VEN
25.2096, 1952, Jan Average, Venezuela, VEN
25.7548, 1952, Feb Average, Venezuela, VEN
26.6409, 1952, Mar Average, Venezuela, VEN
26.4576, 1952, Apr Average, Venezuela, VEN
26.1324, 1952, May Average, Venezuela, VEN
25.0274, 1952, Jun Average, Venezuela, VEN
24.7289, 1952, Jul Average, Venezuela, VEN
25.0086, 1952, Aug Average, Venezuela, VEN
25.4471, 1952, Sep Average, Venezuela, VEN
25.8596, 1952, Oct Average, Venezuela, VEN
25.4667, 1952, Nov Average, Venezuela, VEN
25.3398, 1952, Dec Average, Venezuela, VEN
25.1225, 1953, Jan Average, Venezuela, VEN
25.2261, 1953, Feb Average, Venezuela, VEN
25.7842, 1953, Mar Average, Venezuela, VEN
26.3816, 1953, Apr Average, Venezuela, VEN
25.269, 1953, May Average, Venezuela, VEN
25.1633, 1953, Jun Average, Venezuela, VEN
24.6753, 1953, Jul Average, Venezuela, VEN
25.1655, 1953, Aug Average, Venezuela, VEN
25.4703, 1953, Sep Average, Venezuela, VEN
25.6993, 1953, Oct Average, Venezuela, VEN
25.8868, 1953, Nov Average, Venezuela, VEN
25.2653, 1953, Dec Average, Venezuela, VEN
24.7851, 1954, Jan Average, Venezuela, VEN
25.4041, 1954, Feb Average, Venezuela, VEN
26.2299, 1954, Mar Average, Venezuela, VEN
25.5798, 1954, Apr Average, Venezuela, VEN
25.3784, 1954, May Average, Venezuela, VEN
24.6089, 1954, Jun Average, Venezuela, VEN
24.3553, 1954, Jul Average, Venezuela, VEN
24.6193, 1954, Aug Average, Venezuela, VEN
25.2093, 1954, Sep Average, Venezuela, VEN
24.7601, 1954, Oct Average, Venezuela, VEN
24.9894, 1954, Nov Average, Venezuela, VEN
24.4744, 1954, Dec Average, Venezuela, VEN
24.6137, 1955, Jan Average, Venezuela, VEN
25.1588, 1955, Feb Average, Venezuela, VEN
24.8395, 1955, Mar Average, Venezuela, VEN
25.2729, 1955, Apr Average, Venezuela, VEN
25.4179, 1955, May Average, Venezuela, VEN
24.6867, 1955, Jun Average, Venezuela, VEN
24.4683, 1955, Jul Average, Venezuela, VEN
24.7787, 1955, Aug Average, Venezuela, VEN
24.8294, 1955, Sep Average, Venezuela, VEN
25.351, 1955, Oct Average, Venezuela, VEN
25.2719, 1955, Nov Average, Venezuela, VEN
24.6791, 1955, Dec Average, Venezuela, VEN
24.6358, 1956, Jan Average, Venezuela, VEN
25.0187, 1956, Feb Average, Venezuela, VEN
25.4595, 1956, Mar Average, Venezuela, VEN
25.9469, 1956, Apr Average, Venezuela, VEN
25.0262, 1956, May Average, Venezuela, VEN
24.5086, 1956, Jun Average, Venezuela, VEN
24.4031, 1956, Jul Average, Venezuela, VEN
24.3986, 1956, Aug Average, Venezuela, VEN
24.9334, 1956, Sep Average, Venezuela, VEN
24.991, 1956, Oct Average, Venezuela, VEN
25.3133, 1956, Nov Average, Venezuela, VEN
24.6343, 1956, Dec Average, Venezuela, VEN
24.2929, 1957, Jan Average, Venezuela, VEN
25.1382, 1957, Feb Average, Venezuela, VEN
25.9982, 1957, Mar Average, Venezuela, VEN
26.0029, 1957, Apr Average, Venezuela, VEN
25.4939, 1957, May Average, Venezuela, VEN
24.9182, 1957, Jun Average, Venezuela, VEN
24.7032, 1957, Jul Average, Venezuela, VEN
25.2335, 1957, Aug Average, Venezuela, VEN
25.8718, 1957, Sep Average, Venezuela, VEN
25.8455, 1957, Oct Average, Venezuela, VEN
25.5191, 1957, Nov Average, Venezuela, VEN
25.3164, 1957, Dec Average, Venezuela, VEN
25.7394, 1958, Jan Average, Venezuela, VEN
26.0962, 1958, Feb Average, Venezuela, VEN
27.3963, 1958, Mar Average, Venezuela, VEN
27.0454, 1958, Apr Average, Venezuela, VEN
26.2486, 1958, May Average, Venezuela, VEN
25.346, 1958, Jun Average, Venezuela, VEN
25.1063, 1958, Jul Average, Venezuela, VEN
25.3737, 1958, Aug Average, Venezuela, VEN
26.1037, 1958, Sep Average, Venezuela, VEN
25.9299, 1958, Oct Average, Venezuela, VEN
25.7592, 1958, Nov Average, Venezuela, VEN
25.5977, 1958, Dec Average, Venezuela, VEN
25.438, 1959, Jan Average, Venezuela, VEN
25.6188, 1959, Feb Average, Venezuela, VEN
26.4099, 1959, Mar Average, Venezuela, VEN
26.8223, 1959, Apr Average, Venezuela, VEN
25.7805, 1959, May Average, Venezuela, VEN
24.5911, 1959, Jun Average, Venezuela, VEN
24.7305, 1959, Jul Average, Venezuela, VEN
24.9331, 1959, Aug Average, Venezuela, VEN
25.1983, 1959, Sep Average, Venezuela, VEN
25.3372, 1959, Oct Average, Venezuela, VEN
25.2617, 1959, Nov Average, Venezuela, VEN
25.735, 1959, Dec Average, Venezuela, VEN
25.2963, 1960, Jan Average, Venezuela, VEN
25.9172, 1960, Feb Average, Venezuela, VEN
26.3319, 1960, Mar Average, Venezuela, VEN
26.2257, 1960, Apr Average, Venezuela, VEN
25.6598, 1960, May Average, Venezuela, VEN
24.8099, 1960, Jun Average, Venezuela, VEN
24.5528, 1960, Jul Average, Venezuela, VEN
25.0086, 1960, Aug Average, Venezuela, VEN
25.3365, 1960, Sep Average, Venezuela, VEN
25.7143, 1960, Oct Average, Venezuela, VEN
25.6827, 1960, Nov Average, Venezuela, VEN
24.9693, 1960, Dec Average, Venezuela, VEN
25.4031, 1961, Jan Average, Venezuela, VEN
25.5507, 1961, Feb Average, Venezuela, VEN
26.378, 1961, Mar Average, Venezuela, VEN
26.7412, 1961, Apr Average, Venezuela, VEN
26.4715, 1961, May Average, Venezuela, VEN
25.0239, 1961, Jun Average, Venezuela, VEN
24.5298, 1961, Jul Average, Venezuela, VEN
24.9624, 1961, Aug Average, Venezuela, VEN
25.1377, 1961, Sep Average, Venezuela, VEN
25.4925, 1961, Oct Average, Venezuela, VEN
25.0762, 1961, Nov Average, Venezuela, VEN
24.8036, 1961, Dec Average, Venezuela, VEN
24.9278, 1962, Jan Average, Venezuela, VEN
25.3345, 1962, Feb Average, Venezuela, VEN
26.1956, 1962, Mar Average, Venezuela, VEN
26.4413, 1962, Apr Average, Venezuela, VEN
25.6904, 1962, May Average, Venezuela, VEN
24.4654, 1962, Jun Average, Venezuela, VEN
24.4512, 1962, Jul Average, Venezuela, VEN
24.8597, 1962, Aug Average, Venezuela, VEN
25.4069, 1962, Sep Average, Venezuela, VEN
25.766, 1962, Oct Average, Venezuela, VEN
25.7232, 1962, Nov Average, Venezuela, VEN
25.395, 1962, Dec Average, Venezuela, VEN
25.1716, 1963, Jan Average, Venezuela, VEN
25.6211, 1963, Feb Average, Venezuela, VEN
25.9597, 1963, Mar Average, Venezuela, VEN
25.9704, 1963, Apr Average, Venezuela, VEN
24.9688, 1963, May Average, Venezuela, VEN
24.8653, 1963, Jun Average, Venezuela, VEN
24.8303, 1963, Jul Average, Venezuela, VEN
25.4481, 1963, Aug Average, Venezuela, VEN
25.811, 1963, Sep Average, Venezuela, VEN
26.2419, 1963, Oct Average, Venezuela, VEN
25.6446, 1963, Nov Average, Venezuela, VEN
25.4402, 1963, Dec Average, Venezuela, VEN
25.3388, 1964, Jan Average, Venezuela, VEN
26.2498, 1964, Feb Average, Venezuela, VEN
26.6546, 1964, Mar Average, Venezuela, VEN
26.2013, 1964, Apr Average, Venezuela, VEN
26.1069, 1964, May Average, Venezuela, VEN
24.699, 1964, Jun Average, Venezuela, VEN
24.4114, 1964, Jul Average, Venezuela, VEN
24.9197, 1964, Aug Average, Venezuela, VEN
25.3586, 1964, Sep Average, Venezuela, VEN
25.2464, 1964, Oct Average, Venezuela, VEN
25.3225, 1964, Nov Average, Venezuela, VEN
24.4357, 1964, Dec Average, Venezuela, VEN
24.9502, 1965, Jan Average, Venezuela, VEN
25.0389, 1965, Feb Average, Venezuela, VEN
26.1647, 1965, Mar Average, Venezuela, VEN
26.1309, 1965, Apr Average, Venezuela, VEN
25.4695, 1965, May Average, Venezuela, VEN
24.4802, 1965, Jun Average, Venezuela, VEN
24.8117, 1965, Jul Average, Venezuela, VEN
24.777, 1965, Aug Average, Venezuela, VEN
25.5781, 1965, Sep Average, Venezuela, VEN
25.8392, 1965, Oct Average, Venezuela, VEN
25.5334, 1965, Nov Average, Venezuela, VEN
25.5743, 1965, Dec Average, Venezuela, VEN
25.8597, 1966, Jan Average, Venezuela, VEN
26.0208, 1966, Feb Average, Venezuela, VEN
26.4662, 1966, Mar Average, Venezuela, VEN
26.4879, 1966, Apr Average, Venezuela, VEN
26.0681, 1966, May Average, Venezuela, VEN
24.9964, 1966, Jun Average, Venezuela, VEN
24.7503, 1966, Jul Average, Venezuela, VEN
24.9172, 1966, Aug Average, Venezuela, VEN
25.2788, 1966, Sep Average, Venezuela, VEN
25.6061, 1966, Oct Average, Venezuela, VEN
25.4159, 1966, Nov Average, Venezuela, VEN
24.8772, 1966, Dec Average, Venezuela, VEN
24.8462, 1967, Jan Average, Venezuela, VEN
25.402, 1967, Feb Average, Venezuela, VEN
25.6571, 1967, Mar Average, Venezuela, VEN
25.5973, 1967, Apr Average, Venezuela, VEN
25.3625, 1967, May Average, Venezuela, VEN
24.6002, 1967, Jun Average, Venezuela, VEN
24.2678, 1967, Jul Average, Venezuela, VEN
24.6107, 1967, Aug Average, Venezuela, VEN
25.1577, 1967, Sep Average, Venezuela, VEN
25.3806, 1967, Oct Average, Venezuela, VEN
25.406, 1967, Nov Average, Venezuela, VEN
24.9149, 1967, Dec Average, Venezuela, VEN
24.79, 1968, Jan Average, Venezuela, VEN
25.4986, 1968, Feb Average, Venezuela, VEN
25.8407, 1968, Mar Average, Venezuela, VEN
25.6383, 1968, Apr Average, Venezuela, VEN
24.9608, 1968, May Average, Venezuela, VEN
24.4435, 1968, Jun Average, Venezuela, VEN
24.5072, 1968, Jul Average, Venezuela, VEN
24.8639, 1968, Aug Average, Venezuela, VEN
25.1753, 1968, Sep Average, Venezuela, VEN
25.5495, 1968, Oct Average, Venezuela, VEN
25.5057, 1968, Nov Average, Venezuela, VEN
25.2468, 1968, Dec Average, Venezuela, VEN
25.1402, 1969, Jan Average, Venezuela, VEN
25.7227, 1969, Feb Average, Venezuela, VEN
26.9595, 1969, Mar Average, Venezuela, VEN
26.705, 1969, Apr Average, Venezuela, VEN
26.4637, 1969, May Average, Venezuela, VEN
25.6006, 1969, Jun Average, Venezuela, VEN
25.0474, 1969, Jul Average, Venezuela, VEN
25.0374, 1969, Aug Average, Venezuela, VEN
25.69, 1969, Sep Average, Venezuela, VEN
25.3456, 1969, Oct Average, Venezuela, VEN
25.829, 1969, Nov Average, Venezuela, VEN
25.6771, 1969, Dec Average, Venezuela, VEN
25.2328, 1970, Jan Average, Venezuela, VEN
25.7686, 1970, Feb Average, Venezuela, VEN
26.2919, 1970, Mar Average, Venezuela, VEN
26.3793, 1970, Apr Average, Venezuela, VEN
25.8446, 1970, May Average, Venezuela, VEN
24.8973, 1970, Jun Average, Venezuela, VEN
24.483, 1970, Jul Average, Venezuela, VEN
24.6792, 1970, Aug Average, Venezuela, VEN
24.876, 1970, Sep Average, Venezuela, VEN
25.6543, 1970, Oct Average, Venezuela, VEN
25.1911, 1970, Nov Average, Venezuela, VEN
25.0193, 1970, Dec Average, Venezuela, VEN
24.5151, 1971, Jan Average, Venezuela, VEN
25.0302, 1971, Feb Average, Venezuela, VEN
25.4559, 1971, Mar Average, Venezuela, VEN
25.4995, 1971, Apr Average, Venezuela, VEN
24.8055, 1971, May Average, Venezuela, VEN
24.4702, 1971, Jun Average, Venezuela, VEN
24.4591, 1971, Jul Average, Venezuela, VEN
24.4631, 1971, Aug Average, Venezuela, VEN
24.7539, 1971, Sep Average, Venezuela, VEN
24.6221, 1971, Oct Average, Venezuela, VEN
24.8445, 1971, Nov Average, Venezuela, VEN
24.5507, 1971, Dec Average, Venezuela, VEN
24.4164, 1972, Jan Average, Venezuela, VEN
25.1234, 1972, Feb Average, Venezuela, VEN
25.7909, 1972, Mar Average, Venezuela, VEN
25.4378, 1972, Apr Average, Venezuela, VEN
24.9379, 1972, May Average, Venezuela, VEN
25.1156, 1972, Jun Average, Venezuela, VEN
24.9938, 1972, Jul Average, Venezuela, VEN
25.0936, 1972, Aug Average, Venezuela, VEN
25.7167, 1972, Sep Average, Venezuela, VEN
25.7085, 1972, Oct Average, Venezuela, VEN
25.603, 1972, Nov Average, Venezuela, VEN
25.5399, 1972, Dec Average, Venezuela, VEN
26.0276, 1973, Jan Average, Venezuela, VEN
26.489, 1973, Feb Average, Venezuela, VEN
26.7843, 1973, Mar Average, Venezuela, VEN
26.4763, 1973, Apr Average, Venezuela, VEN
26.0019, 1973, May Average, Venezuela, VEN
25.2837, 1973, Jun Average, Venezuela, VEN
25.2839, 1973, Jul Average, Venezuela, VEN
25.0516, 1973, Aug Average, Venezuela, VEN
24.9028, 1973, Sep Average, Venezuela, VEN
25.7053, 1973, Oct Average, Venezuela, VEN
25.0936, 1973, Nov Average, Venezuela, VEN
24.2092, 1973, Dec Average, Venezuela, VEN
24.4527, 1974, Jan Average, Venezuela, VEN
25.4642, 1974, Feb Average, Venezuela, VEN
25.4713, 1974, Mar Average, Venezuela, VEN
25.532, 1974, Apr Average, Venezuela, VEN
25.5024, 1974, May Average, Venezuela, VEN
25.1598, 1974, Jun Average, Venezuela, VEN
24.7586, 1974, Jul Average, Venezuela, VEN
24.6571, 1974, Aug Average, Venezuela, VEN
24.7895, 1974, Sep Average, Venezuela, VEN
25.1227, 1974, Oct Average, Venezuela, VEN
25.2809, 1974, Nov Average, Venezuela, VEN
24.5632, 1974, Dec Average, Venezuela, VEN
24.6183, 1975, Jan Average, Venezuela, VEN
24.9418, 1975, Feb Average, Venezuela, VEN
26.1536, 1975, Mar Average, Venezuela, VEN
25.8696, 1975, Apr Average, Venezuela, VEN
25.4327, 1975, May Average, Venezuela, VEN
24.9683, 1975, Jun Average, Venezuela, VEN
24.3729, 1975, Jul Average, Venezuela, VEN
24.8996, 1975, Aug Average, Venezuela, VEN
25.0434, 1975, Sep Average, Venezuela, VEN
24.8446, 1975, Oct Average, Venezuela, VEN
25.0474, 1975, Nov Average, Venezuela, VEN
24.3368, 1975, Dec Average, Venezuela, VEN
23.9112, 1976, Jan Average, Venezuela, VEN
24.6083, 1976, Feb Average, Venezuela, VEN
24.7546, 1976, Mar Average, Venezuela, VEN
25.4778, 1976, Apr Average, Venezuela, VEN
25.3315, 1976, May Average, Venezuela, VEN
24.1947, 1976, Jun Average, Venezuela, VEN
24.2856, 1976, Jul Average, Venezuela, VEN
25.2493, 1976, Aug Average, Venezuela, VEN
25.6837, 1976, Sep Average, Venezuela, VEN
25.8816, 1976, Oct Average, Venezuela, VEN
25.3861, 1976, Nov Average, Venezuela, VEN
24.9288, 1976, Dec Average, Venezuela, VEN
25.356, 1977, Jan Average, Venezuela, VEN
25.7567, 1977, Feb Average, Venezuela, VEN
26.2367, 1977, Mar Average, Venezuela, VEN
26.4189, 1977, Apr Average, Venezuela, VEN
25.6546, 1977, May Average, Venezuela, VEN
24.7357, 1977, Jun Average, Venezuela, VEN
24.9157, 1977, Jul Average, Venezuela, VEN
25.3374, 1977, Aug Average, Venezuela, VEN
25.5455, 1977, Sep Average, Venezuela, VEN
25.6814, 1977, Oct Average, Venezuela, VEN
25.6908, 1977, Nov Average, Venezuela, VEN
24.913, 1977, Dec Average, Venezuela, VEN
25.0253, 1978, Jan Average, Venezuela, VEN
26.3641, 1978, Feb Average, Venezuela, VEN
26.6337, 1978, Mar Average, Venezuela, VEN
26.3515, 1978, Apr Average, Venezuela, VEN
25.8251, 1978, May Average, Venezuela, VEN
24.5254, 1978, Jun Average, Venezuela, VEN
24.9036, 1978, Jul Average, Venezuela, VEN
24.4445, 1978, Aug Average, Venezuela, VEN
25.4981, 1978, Sep Average, Venezuela, VEN
25.5022, 1978, Oct Average, Venezuela, VEN
25.8234, 1978, Nov Average, Venezuela, VEN
24.9281, 1978, Dec Average, Venezuela, VEN
24.9552, 1979, Jan Average, Venezuela, VEN
25.8358, 1979, Feb Average, Venezuela, VEN
26.2655, 1979, Mar Average, Venezuela, VEN
26.1065, 1979, Apr Average, Venezuela, VEN
26.0083, 1979, May Average, Venezuela, VEN
24.9495, 1979, Jun Average, Venezuela, VEN
25.1214, 1979, Jul Average, Venezuela, VEN
25.4218, 1979, Aug Average, Venezuela, VEN
25.386, 1979, Sep Average, Venezuela, VEN
25.8042, 1979, Oct Average, Venezuela, VEN
26.0599, 1979, Nov Average, Venezuela, VEN
25.4764, 1979, Dec Average, Venezuela, VEN
25.4394, 1980, Jan Average, Venezuela, VEN
26.0418, 1980, Feb Average, Venezuela, VEN
26.5068, 1980, Mar Average, Venezuela, VEN
26.8712, 1980, Apr Average, Venezuela, VEN
26.2016, 1980, May Average, Venezuela, VEN
25.4271, 1980, Jun Average, Venezuela, VEN
25.0164, 1980, Jul Average, Venezuela, VEN
25.1118, 1980, Aug Average, Venezuela, VEN
25.6388, 1980, Sep Average, Venezuela, VEN
25.4931, 1980, Oct Average, Venezuela, VEN
25.3493, 1980, Nov Average, Venezuela, VEN
25.4454, 1980, Dec Average, Venezuela, VEN
25.6958, 1981, Jan Average, Venezuela, VEN
26.128, 1981, Feb Average, Venezuela, VEN
26.6893, 1981, Mar Average, Venezuela, VEN
25.6808, 1981, Apr Average, Venezuela, VEN
25.3841, 1981, May Average, Venezuela, VEN
24.6922, 1981, Jun Average, Venezuela, VEN
24.4109, 1981, Jul Average, Venezuela, VEN
24.7108, 1981, Aug Average, Venezuela, VEN
25.0039, 1981, Sep Average, Venezuela, VEN
25.5616, 1981, Oct Average, Venezuela, VEN
26.0253, 1981, Nov Average, Venezuela, VEN
25.8087, 1981, Dec Average, Venezuela, VEN
25.461, 1982, Jan Average, Venezuela, VEN
25.7524, 1982, Feb Average, Venezuela, VEN
26.0161, 1982, Mar Average, Venezuela, VEN
25.7224, 1982, Apr Average, Venezuela, VEN
25.4968, 1982, May Average, Venezuela, VEN
24.9286, 1982, Jun Average, Venezuela, VEN
24.5444, 1982, Jul Average, Venezuela, VEN
24.98, 1982, Aug Average, Venezuela, VEN
25.5033, 1982, Sep Average, Venezuela, VEN
25.4702, 1982, Oct Average, Venezuela, VEN
25.5796, 1982, Nov Average, Venezuela, VEN
25.3437, 1982, Dec Average, Venezuela, VEN
25.8323, 1983, Jan Average, Venezuela, VEN
26.3811, 1983, Feb Average, Venezuela, VEN
27.3388, 1983, Mar Average, Venezuela, VEN
26.6076, 1983, Apr Average, Venezuela, VEN
25.7925, 1983, May Average, Venezuela, VEN
25.3463, 1983, Jun Average, Venezuela, VEN
25.2022, 1983, Jul Average, Venezuela, VEN
25.3369, 1983, Aug Average, Venezuela, VEN
25.5505, 1983, Sep Average, Venezuela, VEN
25.6271, 1983, Oct Average, Venezuela, VEN
25.8936, 1983, Nov Average, Venezuela, VEN
25.1541, 1983, Dec Average, Venezuela, VEN
25.0491, 1984, Jan Average, Venezuela, VEN
25.7125, 1984, Feb Average, Venezuela, VEN
26.3963, 1984, Mar Average, Venezuela, VEN
26.5879, 1984, Apr Average, Venezuela, VEN
25.6595, 1984, May Average, Venezuela, VEN
24.938, 1984, Jun Average, Venezuela, VEN
24.2813, 1984, Jul Average, Venezuela, VEN
24.6576, 1984, Aug Average, Venezuela, VEN
24.6914, 1984, Sep Average, Venezuela, VEN
24.9412, 1984, Oct Average, Venezuela, VEN
25.0278, 1984, Nov Average, Venezuela, VEN
24.3557, 1984, Dec Average, Venezuela, VEN
24.6783, 1985, Jan Average, Venezuela, VEN
24.7893, 1985, Feb Average, Venezuela, VEN
25.7581, 1985, Mar Average, Venezuela, VEN
26.1818, 1985, Apr Average, Venezuela, VEN
25.4397, 1985, May Average, Venezuela, VEN
24.5231, 1985, Jun Average, Venezuela, VEN
24.4115, 1985, Jul Average, Venezuela, VEN
24.4302, 1985, Aug Average, Venezuela, VEN
25.0848, 1985, Sep Average, Venezuela, VEN
25.1708, 1985, Oct Average, Venezuela, VEN
24.8977, 1985, Nov Average, Venezuela, VEN
24.3901, 1985, Dec Average, Venezuela, VEN
24.8833, 1986, Jan Average, Venezuela, VEN
25.425, 1986, Feb Average, Venezuela, VEN
26.0428, 1986, Mar Average, Venezuela, VEN
26.4123, 1986, Apr Average, Venezuela, VEN
25.6556, 1986, May Average, Venezuela, VEN
24.6456, 1986, Jun Average, Venezuela, VEN
24.5271, 1986, Jul Average, Venezuela, VEN
25.2023, 1986, Aug Average, Venezuela, VEN
25.1562, 1986, Sep Average, Venezuela, VEN
25.0557, 1986, Oct Average, Venezuela, VEN
25.0796, 1986, Nov Average, Venezuela, VEN
24.8556, 1986, Dec Average, Venezuela, VEN
25.221, 1987, Jan Average, Venezuela, VEN
26.2458, 1987, Feb Average, Venezuela, VEN
27.0211, 1987, Mar Average, Venezuela, VEN
27.2013, 1987, Apr Average, Venezuela, VEN
25.9914, 1987, May Average, Venezuela, VEN
25.4592, 1987, Jun Average, Venezuela, VEN
25.2367, 1987, Jul Average, Venezuela, VEN
25.5095, 1987, Aug Average, Venezuela, VEN
25.892, 1987, Sep Average, Venezuela, VEN
26.095, 1987, Oct Average, Venezuela, VEN
26.2737, 1987, Nov Average, Venezuela, VEN
26.0523, 1987, Dec Average, Venezuela, VEN
25.5513, 1988, Jan Average, Venezuela, VEN
26.0377, 1988, Feb Average, Venezuela, VEN
26.7186, 1988, Mar Average, Venezuela, VEN
27.0508, 1988, Apr Average, Venezuela, VEN
26.6142, 1988, May Average, Venezuela, VEN
25.2618, 1988, Jun Average, Venezuela, VEN
24.7534, 1988, Jul Average, Venezuela, VEN
24.8857, 1988, Aug Average, Venezuela, VEN
25.2165, 1988, Sep Average, Venezuela, VEN
25.4173, 1988, Oct Average, Venezuela, VEN
25.1487, 1988, Nov Average, Venezuela, VEN
24.4898, 1988, Dec Average, Venezuela, VEN
24.4186, 1989, Jan Average, Venezuela, VEN
24.931, 1989, Feb Average, Venezuela, VEN
25.2526, 1989, Mar Average, Venezuela, VEN
25.7176, 1989, Apr Average, Venezuela, VEN
24.9472, 1989, May Average, Venezuela, VEN
24.3817, 1989, Jun Average, Venezuela, VEN
24.4706, 1989, Jul Average, Venezuela, VEN
25.3667, 1989, Aug Average, Venezuela, VEN
25.2719, 1989, Sep Average, Venezuela, VEN
25.2105, 1989, Oct Average, Venezuela, VEN
25.1712, 1989, Nov Average, Venezuela, VEN
24.9272, 1989, Dec Average, Venezuela, VEN
25.0779, 1990, Jan Average, Venezuela, VEN
25.5146, 1990, Feb Average, Venezuela, VEN
26.206, 1990, Mar Average, Venezuela, VEN
26.3344, 1990, Apr Average, Venezuela, VEN
25.6197, 1990, May Average, Venezuela, VEN
25.2254, 1990, Jun Average, Venezuela, VEN
24.8037, 1990, Jul Average, Venezuela, VEN
25.1064, 1990, Aug Average, Venezuela, VEN
25.8624, 1990, Sep Average, Venezuela, VEN
25.8405, 1990, Oct Average, Venezuela, VEN
25.9076, 1990, Nov Average, Venezuela, VEN
25.4198, 1990, Dec Average, Venezuela, VEN
25.3039, 1991, Jan Average, Venezuela, VEN
26.2428, 1991, Feb Average, Venezuela, VEN
26.356, 1991, Mar Average, Venezuela, VEN
26.2668, 1991, Apr Average, Venezuela, VEN
26.2324, 1991, May Average, Venezuela, VEN
25.4033, 1991, Jun Average, Venezuela, VEN
24.7722, 1991, Jul Average, Venezuela, VEN
24.6109, 1991, Aug Average, Venezuela, VEN
25.2038, 1991, Sep Average, Venezuela, VEN
25.2235, 1991, Oct Average, Venezuela, VEN
25.3882, 1991, Nov Average, Venezuela, VEN
24.7065, 1991, Dec Average, Venezuela, VEN
25.0708, 1992, Jan Average, Venezuela, VEN
25.8245, 1992, Feb Average, Venezuela, VEN
26.5486, 1992, Mar Average, Venezuela, VEN
26.654, 1992, Apr Average, Venezuela, VEN
25.7484, 1992, May Average, Venezuela, VEN
25.0465, 1992, Jun Average, Venezuela, VEN
24.6541, 1992, Jul Average, Venezuela, VEN
24.4472, 1992, Aug Average, Venezuela, VEN
24.9352, 1992, Sep Average, Venezuela, VEN
25.3199, 1992, Oct Average, Venezuela, VEN
25.2997, 1992, Nov Average, Venezuela, VEN
24.7799, 1992, Dec Average, Venezuela, VEN
24.9611, 1993, Jan Average, Venezuela, VEN
25.7059, 1993, Feb Average, Venezuela, VEN
25.9324, 1993, Mar Average, Venezuela, VEN
26.1377, 1993, Apr Average, Venezuela, VEN
25.3825, 1993, May Average, Venezuela, VEN
24.7993, 1993, Jun Average, Venezuela, VEN
24.702, 1993, Jul Average, Venezuela, VEN
25.1722, 1993, Aug Average, Venezuela, VEN
25.1457, 1993, Sep Average, Venezuela, VEN
25.8053, 1993, Oct Average, Venezuela, VEN
25.3926, 1993, Nov Average, Venezuela, VEN
25.245, 1993, Dec Average, Venezuela, VEN
25.1768, 1994, Jan Average, Venezuela, VEN
25.4306, 1994, Feb Average, Venezuela, VEN
26.0905, 1994, Mar Average, Venezuela, VEN
26.3028, 1994, Apr Average, Venezuela, VEN
25.7316, 1994, May Average, Venezuela, VEN
24.938, 1994, Jun Average, Venezuela, VEN
24.2835, 1994, Jul Average, Venezuela, VEN
24.7418, 1994, Aug Average, Venezuela, VEN
25.3216, 1994, Sep Average, Venezuela, VEN
25.3775, 1994, Oct Average, Venezuela, VEN
25.3243, 1994, Nov Average, Venezuela, VEN
24.9216, 1994, Dec Average, Venezuela, VEN
25.4674, 1995, Jan Average, Venezuela, VEN
26.0551, 1995, Feb Average, Venezuela, VEN
26.63, 1995, Mar Average, Venezuela, VEN
26.8783, 1995, Apr Average, Venezuela, VEN
26.3108, 1995, May Average, Venezuela, VEN
25.22, 1995, Jun Average, Venezuela, VEN
25.0002, 1995, Jul Average, Venezuela, VEN
25.0493, 1995, Aug Average, Venezuela, VEN
25.817, 1995, Sep Average, Venezuela, VEN
25.6174, 1995, Oct Average, Venezuela, VEN
25.5933, 1995, Nov Average, Venezuela, VEN
25.5743, 1995, Dec Average, Venezuela, VEN
25.4361, 1996, Jan Average, Venezuela, VEN
26.2265, 1996, Feb Average, Venezuela, VEN
26.608, 1996, Mar Average, Venezuela, VEN
26.7268, 1996, Apr Average, Venezuela, VEN
25.6664, 1996, May Average, Venezuela, VEN
24.6121, 1996, Jun Average, Venezuela, VEN
24.652, 1996, Jul Average, Venezuela, VEN
25.0533, 1996, Aug Average, Venezuela, VEN
25.5011, 1996, Sep Average, Venezuela, VEN
25.7505, 1996, Oct Average, Venezuela, VEN
25.5062, 1996, Nov Average, Venezuela, VEN
25.3303, 1996, Dec Average, Venezuela, VEN
25.1716, 1997, Jan Average, Venezuela, VEN
25.1837, 1997, Feb Average, Venezuela, VEN
25.7563, 1997, Mar Average, Venezuela, VEN
26.5401, 1997, Apr Average, Venezuela, VEN
25.9588, 1997, May Average, Venezuela, VEN
25.5363, 1997, Jun Average, Venezuela, VEN
25.0528, 1997, Jul Average, Venezuela, VEN
25.5097, 1997, Aug Average, Venezuela, VEN
26.0806, 1997, Sep Average, Venezuela, VEN
26.528, 1997, Oct Average, Venezuela, VEN
26.1991, 1997, Nov Average, Venezuela, VEN
25.8191, 1997, Dec Average, Venezuela, VEN
26.3178, 1998, Jan Average, Venezuela, VEN
27.0064, 1998, Feb Average, Venezuela, VEN
27.6464, 1998, Mar Average, Venezuela, VEN
27.4005, 1998, Apr Average, Venezuela, VEN
26.3985, 1998, May Average, Venezuela, VEN
25.3894, 1998, Jun Average, Venezuela, VEN
25.4726, 1998, Jul Average, Venezuela, VEN
26.1133, 1998, Aug Average, Venezuela, VEN
26.0652, 1998, Sep Average, Venezuela, VEN
26.0391, 1998, Oct Average, Venezuela, VEN
25.7583, 1998, Nov Average, Venezuela, VEN
25.5637, 1998, Dec Average, Venezuela, VEN
25.2909, 1999, Jan Average, Venezuela, VEN
25.4665, 1999, Feb Average, Venezuela, VEN
26.2324, 1999, Mar Average, Venezuela, VEN
25.794, 1999, Apr Average, Venezuela, VEN
26.0935, 1999, May Average, Venezuela, VEN
25.2415, 1999, Jun Average, Venezuela, VEN
24.8322, 1999, Jul Average, Venezuela, VEN
24.8617, 1999, Aug Average, Venezuela, VEN
25.3331, 1999, Sep Average, Venezuela, VEN
25.3528, 1999, Oct Average, Venezuela, VEN
25.9459, 1999, Nov Average, Venezuela, VEN
25.3951, 1999, Dec Average, Venezuela, VEN
25.1017, 2000, Jan Average, Venezuela, VEN
25.2935, 2000, Feb Average, Venezuela, VEN
25.6776, 2000, Mar Average, Venezuela, VEN
26.1723, 2000, Apr Average, Venezuela, VEN
25.8517, 2000, May Average, Venezuela, VEN
25.0443, 2000, Jun Average, Venezuela, VEN
24.9719, 2000, Jul Average, Venezuela, VEN
25.3913, 2000, Aug Average, Venezuela, VEN
25.2648, 2000, Sep Average, Venezuela, VEN
25.806, 2000, Oct Average, Venezuela, VEN
25.5962, 2000, Nov Average, Venezuela, VEN
25.305, 2000, Dec Average, Venezuela, VEN
25.3533, 2001, Jan Average, Venezuela, VEN
25.7096, 2001, Feb Average, Venezuela, VEN
26.5628, 2001, Mar Average, Venezuela, VEN
26.5631, 2001, Apr Average, Venezuela, VEN
26.5363, 2001, May Average, Venezuela, VEN
25.2335, 2001, Jun Average, Venezuela, VEN
25.3884, 2001, Jul Average, Venezuela, VEN
25.8074, 2001, Aug Average, Venezuela, VEN
25.6945, 2001, Sep Average, Venezuela, VEN
26.1246, 2001, Oct Average, Venezuela, VEN
26.2474, 2001, Nov Average, Venezuela, VEN
26.3069, 2001, Dec Average, Venezuela, VEN
25.9383, 2002, Jan Average, Venezuela, VEN
26.367, 2002, Feb Average, Venezuela, VEN
26.5402, 2002, Mar Average, Venezuela, VEN
26.2807, 2002, Apr Average, Venezuela, VEN
25.8798, 2002, May Average, Venezuela, VEN
24.8452, 2002, Jun Average, Venezuela, VEN
25.3252, 2002, Jul Average, Venezuela, VEN
25.6516, 2002, Aug Average, Venezuela, VEN
26.1268, 2002, Sep Average, Venezuela, VEN
26.3993, 2002, Oct Average, Venezuela, VEN
25.8234, 2002, Nov Average, Venezuela, VEN
25.8236, 2002, Dec Average, Venezuela, VEN
26.6796, 2003, Jan Average, Venezuela, VEN
26.7827, 2003, Feb Average, Venezuela, VEN
27.355, 2003, Mar Average, Venezuela, VEN
27.3793, 2003, Apr Average, Venezuela, VEN
26.222, 2003, May Average, Venezuela, VEN
25.4299, 2003, Jun Average, Venezuela, VEN
25.0136, 2003, Jul Average, Venezuela, VEN
25.7441, 2003, Aug Average, Venezuela, VEN
25.8731, 2003, Sep Average, Venezuela, VEN
26.2981, 2003, Oct Average, Venezuela, VEN
26.4261, 2003, Nov Average, Venezuela, VEN
26.0401, 2003, Dec Average, Venezuela, VEN
25.9411, 2004, Jan Average, Venezuela, VEN
26.246, 2004, Feb Average, Venezuela, VEN
26.9447, 2004, Mar Average, Venezuela, VEN
26.9695, 2004, Apr Average, Venezuela, VEN
25.805, 2004, May Average, Venezuela, VEN
25.0785, 2004, Jun Average, Venezuela, VEN
24.8195, 2004, Jul Average, Venezuela, VEN
25.1767, 2004, Aug Average, Venezuela, VEN
25.74, 2004, Sep Average, Venezuela, VEN
26.1357, 2004, Oct Average, Venezuela, VEN
25.9638, 2004, Nov Average, Venezuela, VEN
25.8753, 2004, Dec Average, Venezuela, VEN
25.9011, 2005, Jan Average, Venezuela, VEN
26.2997, 2005, Feb Average, Venezuela, VEN
27.3573, 2005, Mar Average, Venezuela, VEN
26.9613, 2005, Apr Average, Venezuela, VEN
26.2342, 2005, May Average, Venezuela, VEN
25.7114, 2005, Jun Average, Venezuela, VEN
25.2076, 2005, Jul Average, Venezuela, VEN
25.5606, 2005, Aug Average, Venezuela, VEN
26.0955, 2005, Sep Average, Venezuela, VEN
26.2384, 2005, Oct Average, Venezuela, VEN
25.8561, 2005, Nov Average, Venezuela, VEN
25.2508, 2005, Dec Average, Venezuela, VEN
25.4384, 2006, Jan Average, Venezuela, VEN
25.8271, 2006, Feb Average, Venezuela, VEN
26.3736, 2006, Mar Average, Venezuela, VEN
26.5992, 2006, Apr Average, Venezuela, VEN
25.8154, 2006, May Average, Venezuela, VEN
25.417, 2006, Jun Average, Venezuela, VEN
25.176, 2006, Jul Average, Venezuela, VEN
25.7824, 2006, Aug Average, Venezuela, VEN
26.3498, 2006, Sep Average, Venezuela, VEN
26.3832, 2006, Oct Average, Venezuela, VEN
26.1084, 2006, Nov Average, Venezuela, VEN
26.086, 2006, Dec Average, Venezuela, VEN
26.2065, 2007, Jan Average, Venezuela, VEN
26.4049, 2007, Feb Average, Venezuela, VEN
26.9511, 2007, Mar Average, Venezuela, VEN
26.8249, 2007, Apr Average, Venezuela, VEN
26.5793, 2007, May Average, Venezuela, VEN
25.279, 2007, Jun Average, Venezuela, VEN
25.1601, 2007, Jul Average, Venezuela, VEN
25.184, 2007, Aug Average, Venezuela, VEN
25.3821, 2007, Sep Average, Venezuela, VEN
25.6372, 2007, Oct Average, Venezuela, VEN
25.9667, 2007, Nov Average, Venezuela, VEN
25.3736, 2007, Dec Average, Venezuela, VEN
25.4067, 2008, Jan Average, Venezuela, VEN
25.6567, 2008, Feb Average, Venezuela, VEN
26.2122, 2008, Mar Average, Venezuela, VEN
26.5517, 2008, Apr Average, Venezuela, VEN
25.8462, 2008, May Average, Venezuela, VEN
25.6759, 2008, Jun Average, Venezuela, VEN
25.1624, 2008, Jul Average, Venezuela, VEN
25.5165, 2008, Aug Average, Venezuela, VEN
26.0197, 2008, Sep Average, Venezuela, VEN
25.6452, 2008, Oct Average, Venezuela, VEN
26.0119, 2008, Nov Average, Venezuela, VEN
25.2111, 2008, Dec Average, Venezuela, VEN
25.6048, 2009, Jan Average, Venezuela, VEN
25.797, 2009, Feb Average, Venezuela, VEN
26.1815, 2009, Mar Average, Venezuela, VEN
26.6565, 2009, Apr Average, Venezuela, VEN
26.5798, 2009, May Average, Venezuela, VEN
25.7407, 2009, Jun Average, Venezuela, VEN
25.4882, 2009, Jul Average, Venezuela, VEN
25.9066, 2009, Aug Average, Venezuela, VEN
26.1955, 2009, Sep Average, Venezuela, VEN
26.2913, 2009, Oct Average, Venezuela, VEN
26.6418, 2009, Nov Average, Venezuela, VEN
26.4458, 2009, Dec Average, Venezuela, VEN
26.4977, 2010, Jan Average, Venezuela, VEN
27.0162, 2010, Feb Average, Venezuela, VEN
27.9478, 2010, Mar Average, Venezuela, VEN
26.9558, 2010, Apr Average, Venezuela, VEN
26.6668, 2010, May Average, Venezuela, VEN
26.0566, 2010, Jun Average, Venezuela, VEN
25.388, 2010, Jul Average, Venezuela, VEN
25.6771, 2010, Aug Average, Venezuela, VEN
25.8214, 2010, Sep Average, Venezuela, VEN
26.3801, 2010, Oct Average, Venezuela, VEN
26.0088, 2010, Nov Average, Venezuela, VEN
25.5825, 2010, Dec Average, Venezuela, VEN
25.6789, 2011, Jan Average, Venezuela, VEN
26.0253, 2011, Feb Average, Venezuela, VEN
25.8969, 2011, Mar Average, Venezuela, VEN
26.0411, 2011, Apr Average, Venezuela, VEN
25.8762, 2011, May Average, Venezuela, VEN
25.5685, 2011, Jun Average, Venezuela, VEN
25.4594, 2011, Jul Average, Venezuela, VEN
26.1642, 2011, Aug Average, Venezuela, VEN
26.1635, 2011, Sep Average, Venezuela, VEN
25.787, 2011, Oct Average, Venezuela, VEN
25.8346, 2011, Nov Average, Venezuela, VEN
25.7516, 2011, Dec Average, Venezuela, VEN
25.6651, 2012, Jan Average, Venezuela, VEN
25.7926, 2012, Feb Average, Venezuela, VEN
26.043, 2012, Mar Average, Venezuela, VEN
26.0688, 2012, Apr Average, Venezuela, VEN
25.5502, 2012, May Average, Venezuela, VEN
25.3539, 2012, Jun Average, Venezuela, VEN
25.2171, 2012, Jul Average, Venezuela, VEN
25.3058, 2012, Aug Average, Venezuela, VEN
25.6499, 2012, Sep Average, Venezuela, VEN
26.1375, 2012, Oct Average, Venezuela, VEN
26.433, 2012, Nov Average, Venezuela, VEN
25.9617, 2012, Dec Average, Venezuela, VEN
25.9962, 2013, Jan Average, Venezuela, VEN
26.1144, 2013, Feb Average, Venezuela, VEN
27.1409, 2013, Mar Average, Venezuela, VEN
26.6167, 2013, Apr Average, Venezuela, VEN
25.8999, 2013, May Average, Venezuela, VEN
25.2931, 2013, Jun Average, Venezuela, VEN
25.2994, 2013, Jul Average, Venezuela, VEN
25.3057, 2013, Aug Average, Venezuela, VEN
26.0836, 2013, Sep Average, Venezuela, VEN
25.9698, 2013, Oct Average, Venezuela, VEN
25.8316, 2013, Nov Average, Venezuela, VEN
25.5186, 2013, Dec Average, Venezuela, VEN
25.639, 2014, Jan Average, Venezuela, VEN
26.3359, 2014, Feb Average, Venezuela, VEN
26.9757, 2014, Mar Average, Venezuela, VEN
26.7148, 2014, Apr Average, Venezuela, VEN
26.4188, 2014, May Average, Venezuela, VEN
25.9265, 2014, Jun Average, Venezuela, VEN
25.6948, 2014, Jul Average, Venezuela, VEN
25.3952, 2014, Aug Average, Venezuela, VEN
25.9363, 2014, Sep Average, Venezuela, VEN
25.7419, 2014, Oct Average, Venezuela, VEN
25.8315, 2014, Nov Average, Venezuela, VEN
25.7349, 2014, Dec Average, Venezuela, VEN
26.0164, 2015, Jan Average, Venezuela, VEN
26.5025, 2015, Feb Average, Venezuela, VEN
26.6887, 2015, Mar Average, Venezuela, VEN
26.8584, 2015, Apr Average, Venezuela, VEN
26.3636, 2015, May Average, Venezuela, VEN
25.9494, 2015, Jun Average, Venezuela, VEN
25.6369, 2015, Jul Average, Venezuela, VEN
26.1476, 2015, Aug Average, Venezuela, VEN
26.8522, 2015, Sep Average, Venezuela, VEN
27.0908, 2015, Oct Average, Venezuela, VEN
26.5038, 2015, Nov Average, Venezuela, VEN
26.6478, 2015, Dec Average, Venezuela, VEN
26.8477, 2016, Jan Average, Venezuela, VEN
26.7253, 2016, Feb Average, Venezuela, VEN
27.144, 2016, Mar Average, Venezuela, VEN
27.3357, 2016, Apr Average, Venezuela, VEN
26.5549, 2016, May Average, Venezuela, VEN
25.8442, 2016, Jun Average, Venezuela, VEN
25.937, 2016, Jul Average, Venezuela, VEN
26.0948, 2016, Aug Average, Venezuela, VEN
26.2209, 2016, Sep Average, Venezuela, VEN
26.6285, 2016, Oct Average, Venezuela, VEN
26.2768, 2016, Nov Average, Venezuela, VEN
26.1286, 2016, Dec Average, Venezuela, VEN
